path,size_bytes,sha256
results/final_tables/feature_counts.csv,1566,f191aabe173b6ceeb40bd060cf3995c4dd011fc81738b22e2c9284e3b1a431ba
results/final_tables/final_tables_manifest.csv,1536,d21bf0738a1d7f60dbd6cb8caacb43b22aa9027ca20a525b20adbd236c10c126
results/final_tables/final_tables_manifest.md,1700,8a589745f61b460bb82dd45d9172d2b576160f2c7fe5812546d4dd312c8e147a
results/final_tables/hemodynamic_features.csv,1253,241a95ee569dcd461f3abf9e9a7233aee4c53add91e2ee0f5c390983dc0f1370
results/final_tables/patient_level_metrics.csv,1130,d3a15783889ea2abe204b993990c522734954a1da4f52c68682b73169a1bdbfd
results/final_tables/primary_metrics.csv,1201,6b47ef1f6a076df6ece4085862483820b4e0294a1b534373a2d303a1ff630554
results/final_tables/sourcewise_metrics.csv,725,a1f398b69bab1250c3405be379881d027f7ccd11ef06b54f85627211762684db
results/final_tables/statistical_tests.csv,1528,72f0bcc654fdc597e350b8b65052a9cf9ef99d18c78fceeb4014e64815ff758e
results/final_tables/threshold_operating_points.csv,1737,b1ae5c8d27674486566cc1333ca8e3940f9434102e7d0fcc530fb727adf2922c
results/final_figures/calibration_summary.png,74886,be422c455d9833d2dca1cac35aa857bd49c8e6368b6ed5ac0038ff8990774c3c
results/final_figures/final_figures_manifest.csv,1133,bfa1546011e46f4b396e496027899f9fbcabaa5c42ae0482e5ca989f352dc2c8
results/final_figures/final_figures_manifest.md,1270,dddfb6889c0247f42c32c10c55e78bf610c9fce4b4ebd4e86ceaa21359bf822d
results/final_figures/hemodynamic_importance.png,86011,5ad269e19a1fbca5778750f6526c1d2c56907e62b0ec4f65d2f453c80682592e
results/final_figures/raw_precision_recall_curve.png,59282,c8ac52d93b149e308fbc4de040a4ca2cfef77a8571027834fe2a6a3f355859f3
results/final_figures/raw_roc_curve.png,71534,fcc85aeff0fd2991a2779573bcd441753c1757a42738c72ab276169c39fdf7dc
results/final_figures/utility_thresholds.png,66585,01c93d6d48e1a0e0881a6810e17344b770fad3085c407e1a5bae9767d9c81155
results/statistics/calibration_audit.md,1197,f79ebc4030549f9c15d04e4d3bc57be0aa540ed6410b4273659b6d0fb418caa6
results/statistics/calibration_table.csv,722,c73431c5c4b3974985b0602af60ca48dbfa4290b3ca623e082d41e3cc2d8b6e9
results/statistics/code_math_audit_summary.md,2612,ee3782efcc06c2c5e35593f1dd80a3c8c6944385ecf3d66f470aca65186a3a6f
results/statistics/comparison_summary.csv,3064,4bae6a43f6323e7dbfdc10d8c5dd951dc235e4f26db50ef1e25d82a588dfbd80
results/statistics/comparison_summary.md,3508,c0acce9b7e09e46a37c097e1aa9a1979c538c9b195246d6dde4cd3d2448218ce
results/statistics/completion_checklist.csv,3448,68ad23c6a668b5940389b949817dcbdad6f5044128548c5accf17af8c813e8ca
results/statistics/completion_checklist.md,3744,37ff363642c73b5bd092f060806ff286d411fb22d61f134020a0dca4a7f02d04
results/statistics/feature_count_audit.csv,1566,f191aabe173b6ceeb40bd060cf3995c4dd011fc81738b22e2c9284e3b1a431ba
results/statistics/feature_importance_table.csv,38901,181c1cc1418312843e29aadccc2b637d74d26f6f938253cdcf3b4bd3984e7563
results/statistics/fold_comparison.csv,691,7bdf43e1033a661cc3a807e9bf9466a8bff00386e3891b55d3cecada52a872c9
results/statistics/patient_confusion_matrices.csv,2297,fffd9a6bfc2a823d5bbce977c7481b3e4b6169c12e4f036c46a49e47176343b1
results/statistics/patient_level_metrics.csv,2270,1cc6b5d187d0b58e5e09111d0c01eb62aa0f4ce48ec5958a4315570cff66015e
results/statistics/patient_level_metrics.md,2526,0829903316182ec951ee6ae7b164d0e8ed01b1f37869b9c1ff0df29b8dbabd29
results/statistics/results_snippet.md,1047,9f12ea6d9d275e6b4a4a84cbb042ca06d77d76673cc3be70c859503f87acf10d
results/statistics/statistical_methods_notes.md,2530,92dc0304c21f3e80960811f2714af94b46fea0964f2ca4d5ed68c5f345c15942
results/statistics/statistical_tests.csv,1810,4ec89bc93648d1be9deb09b5cf4c1ee47ad508d543bd787252fc1393562a6ce6
results/statistics/statistical_tests.md,2212,758debdfff4fd41cb0abcf5970ce3b3aa0819b63ee6c76df0bab739525608b71
results/statistics/statistics_manifest.csv,5291,44f715459681114ef52cfa83dfbeecf6c213154f4735950b99f8d2ca69e3e069
results/statistics/statistics_manifest.md,5705,f6e48ea5174e937708c66ed547971d668c71c886941ebe2623e7784af5fb311b
results/statistics/statistics_summary.md,7319,58ec2f3953d6b082cb29aafc1d0672e3c85c5335deb9dd7726ad340f96bd370f
results/statistics/subgroup_patient_table.csv,6169,066833687d932dcf58a4ae0d834101b44e68d382130bc32711a09d592475d183
results/statistics/subgroup_table.csv,2153,bba35a86f2bca9639dfc46f4655469c7f951c1a076892667557f7d80eef4428e
results/statistics/threshold_operating_points.csv,1737,b1ae5c8d27674486566cc1333ca8e3940f9434102e7d0fcc530fb727adf2922c
results/statistics/threshold_operating_points.md,2013,8998a3cc2109d76e8532bf8ad1c14fbf50b96589103f08f48a43f0fec953da3b
results/statistics/utility_statistical_tests.csv,3060,93013bab9fe3512a72bb20f174ab939fc3be9f9704e9ddc3b9c1fb509bb094a5
results/statistics/validation_checks.csv,4537,2eadaac4fe45d76abacbba4faef91e1644800f74d711aa83ec0d90507b878acd
results/statistics/validation_checks.md,5085,32e77ea7a25494c7a2adaada0c667f0edbb308b946b0d19eb7181a018e7dbb2d
results/internal_robustness/ablation_inventory.csv,551,92fb2bc46e37b9337f1f0d43b3c60c00e51168016e4d89fd2b17714ddf36b52c
results/internal_robustness/calibration_robustness.csv,668,991f72361b31db5ad2849d5f4ae82c3516740f5975cba68c9d2faae43d0174bf
results/internal_robustness/internal_robustness_manifest.csv,1871,5cd0611b6ed24a7c85c24b28e34258b7b895438ffb900c205c02bfb739bc2adf
results/internal_robustness/internal_robustness_manifest.md,2056,505c761a0e81f4dd47b9a9b4d226f2ea1dbe7bfa3440e0dd2c320904ac016caf
results/internal_robustness/internal_robustness_summary.md,1184,43de9eb2eba3d751ea30f4612907c89f0b5ca13d71224c0dcb3696aac2daad7e
results/internal_robustness/sourcewise_metrics.csv,1453,fe12ea2376e92238f31d54093acac053c13d7bb450e2034ee494548eb3aa4b19
results/internal_robustness/subgroup_metrics.csv,4918,5025aa7915abdb5c5e0415ad37241caca1ea3b3952713b4b34afd8776ac3d041
results/internal_robustness/threshold_robustness.csv,17951,187cf0de9a8953b011d7eafb564e1aa4239628a35c8ee2e08081424f53b73a13
results/internal_robustness/validation_checks.csv,3924,51f24e45f97dee5ec0025128940043c7bc7ba11dab44eec0d21027b67d493cb4
results/internal_robustness/validation_checks.md,4205,ce42922cddbdfd62bbd84800a4888abd5bff34d16b2ce8c95fca788a5c9899f4
external_artifacts/inventory/artifact_inventory.csv,1264,1fdf105ef488eaaa66307578e5adc6c5fba03309fb44d6fd0ed04a9f54749701
external_artifacts/inventory/artifact_inventory.md,1454,0d0d7d7396d4a9284c2309a509de6c2dca220c8b744b8c78f95e82bedf072058
external_artifacts/inventory/hpc_artifact_inventory.csv,2211,9c8e8d765ce9de67c6a7c8784d8523ff7d7dea48d3d27da53314906e9365d840
external_artifacts/inventory/hpc_artifact_inventory.md,2455,8892bf5398cfce7fb221ec1252e7f9900ccca0135ca409ca8e72e7eeb3bd8190
external_artifacts/inventory/local_only_manifest.csv,698,422de26a33d09124d0b5d91d37a96274d0823001ef869151f0fccc1407bc9582
