model_variant,feature,mean_importance,std_importance,selected_folds,is_hemodynamic_complexity_feature,hemo_signal,hemo_feature_type
baseline,FiO2_is_missing,8058.4279296875,1030.3705510399873,5,False,,
baseline,Lactate_is_missing,4237.90244140625,982.0182053306486,5,False,,
baseline,ICULOS,3550.947021484375,223.9458660753675,5,False,,
baseline,EtCO2_is_missing,3062.356884765625,376.679375758538,5,False,,
baseline,SysBP_shannon_5h,2910.68203125,325.4410889698808,5,False,,
baseline,RespRate_shannon_5h,2870.603881835937,1258.0362852520136,5,False,,
baseline,MeanBP_mean_diff_1,2843.080419921875,154.17209656829854,5,False,,
baseline,Age_shannon_5h,2797.2367431640623,1088.680775588914,5,False,,
baseline,Temperature_energy,2779.751171875,601.2944246476524,5,False,,
baseline,RespRate_min_11h,2631.9361328125,652.8932298828468,5,False,,
baseline,RespRate_p01_11h,2274.4901611328123,1090.316774912859,5,False,,
baseline,pH_is_missing,2179.624548339844,1050.9604166285378,5,False,,
baseline,Temperature_mean_diff_1,2153.5829345703123,82.80984118294148,5,False,,
baseline,Temperature_p95_5h,2029.0912963867188,1024.6063519934105,5,False,,
baseline,O2Sat_mean_diff_1,1948.2304931640624,125.8493459103176,5,False,,
baseline,HeartRate_mean_diff_1,1892.525830078125,120.5123817386476,5,False,,
baseline,MeanBP_max_11h,1785.2927734375,559.6421371521128,5,False,,
baseline,Temperature_mean_11h,1772.2558837890624,503.8181303186656,5,False,,
baseline,RespRate_mean_diff_1,1740.02080078125,208.2840869556645,5,False,,
baseline,O2Sat_energy,1675.2114013671876,196.27526633417648,5,False,,
baseline,Temperature_std_11h,1671.6116943359375,213.728699483401,5,False,,
baseline,HeartRate_p01_11h,1669.4904296875,694.3958139536765,5,False,,
baseline,FiO2,1667.3667724609377,292.8788962087812,5,False,,
baseline,Temperature_shannon_5h,1588.3473388671875,267.4536646950112,5,False,,
baseline,SysBP_mean_diff_1,1470.4484130859375,200.78039766413863,5,False,,
baseline,Temperature_max_5h,1462.8548828125,385.202420951366,5,False,,
baseline,PaCO2,1392.890283203125,194.4220199117164,5,False,,
baseline,SysBP_p01_5h,1352.9603515625,274.4547378027542,5,False,,
baseline,Creatinine,1149.6407348632813,163.38568315834212,5,False,,
baseline,HeartRate_min_11h,1147.8678955078126,939.1987146964026,5,False,,
baseline,HospAdmTime,1123.3375244140625,76.5694174324038,5,False,,
baseline,BUN,1074.6997802734377,184.96803553673735,5,False,,
baseline,Temperature_max_11h,1055.7276489257813,195.7340757232197,5,False,,
baseline,Unit1,1051.7510498046877,134.91638942189428,5,False,,
baseline,Temperature_p01_11h,1049.573974609375,417.6497187321757,5,False,,
baseline,Temperature_p99_11h,1042.990148925781,108.84315693697408,5,False,,
baseline,MeanBP_p99_11h,1013.1284301757812,587.5278091320799,5,False,,
baseline,WBC,997.0748168945312,156.94358403171216,5,False,,
baseline,MeanBP_p01_5h,988.6319213867188,523.2541623339222,5,False,,
baseline,PaCO2_is_missing,969.6771881103516,614.8415046206321,5,False,,
baseline,Temperature_p99_5h,967.0748779296875,539.5221451283184,5,False,,
baseline,pH,965.095361328125,52.31450085032673,5,False,,
baseline,MeanBP_p05_5h,953.1510009765624,694.3850719905191,5,False,,
baseline,O2Sat_mean_11h,942.036767578125,46.68295335654797,5,False,,
baseline,Alkalinephos_is_missing,913.5773193359375,242.01291403263772,5,False,,
baseline,Unit1_is_missing,883.218896484375,87.62548527646771,5,False,,
baseline,MeanBP_min_5h,882.7088806152344,960.7013348208826,5,False,,
baseline,Lactate,839.7119750976562,67.87912190080577,5,False,,
baseline,Temperature_min_11h,815.2829711914062,210.46439435485155,5,False,,
baseline,HeartRate_p05_11h,810.86767578125,309.788501594586,5,False,,
baseline,Platelets,807.4143798828125,80.26119505859755,5,False,,
baseline,Temperature_p05_11h,790.392138671875,297.2161919397747,5,False,,
baseline,O2Sat_p05_11h,780.32783203125,197.3638879823084,5,False,,
baseline,Temperature_p95_11h,756.0513305664062,166.338949038862,5,False,,
baseline,DiaBP_shannon_5h,723.7763061523438,124.68236149223316,5,False,,
baseline,Temperature_diff_4,697.664453125,99.53014174464172,5,False,,
baseline,DiaBP_mean_diff_1,688.6864868164063,119.63356151930194,5,False,,
baseline,SysBP_min_11h,678.7669067382812,217.86776519592377,5,False,,
baseline,RespRate_p99_11h,677.7784240722656,162.36319933658814,5,False,,
baseline,HeartRate_p99_5h,670.0702270507812,338.4071208062489,5,False,,
baseline,SysBP_p01_11h,664.9529418945312,141.784225960754,5,False,,
baseline,MeanBP_p95_11h,660.548681640625,250.74022650449055,5,False,,
baseline,HeartRate_std_11h,653.4178466796875,57.967710475279816,5,False,,
baseline,O2Sat_p01_11h,646.6691040039062,97.3287154287262,5,False,,
baseline,RespRate_mean_11h,632.9517150878906,199.2679181579936,5,False,,
baseline,DiaBP_is_missing,624.5151000976563,92.78396184127038,5,False,,
baseline,PTT,622.7295166015625,62.21189929201499,5,False,,
baseline,HeartRate_energy,615.6543884277344,198.295014503068,5,False,,
baseline,MeanBP_shannon_5h,610.9359069824219,258.30812189708,5,False,,
baseline,RespRate_std_11h,608.4316162109375,61.17906222219988,5,False,,
baseline,Bilirubin,604.4230346679688,70.92680120277073,5,False,,
baseline,MeanBP_p01_11h,598.1940490722657,79.32370124703645,5,False,,
baseline,O2Sat_p99_11h,582.9008422851563,111.195152753236,5,False,,
baseline,RespRate_energy,578.6627685546875,59.73715427449153,5,False,,
baseline,MeanBP_energy,575.2881713867188,244.83178284896704,5,False,,
baseline,SysBP_energy,570.4757568359375,130.91396671193695,5,False,,
baseline,HeartRate_p99_11h,569.4484008789062,115.03296671143782,5,False,,
baseline,SysBP_is_missing,563.0348327636718,347.0835364189499,5,False,,
baseline,HeartRate_shannon_5h,556.7987426757812,162.7994716683171,5,False,,
baseline,RespRate_max_11h,553.0165222167968,90.50974417567444,5,False,,
baseline,MeanBP,538.6794921875,192.87174371984867,5,False,,
baseline,AST,523.8911315917969,74.6725040514872,5,False,,
baseline,MeanBP_p05_11h,516.8070373535156,70.48076547159074,5,False,,
baseline,SysBP_p05_5h,511.3829193115234,321.25181744621807,5,False,,
baseline,SysBP_p99_11h,509.7082092285156,83.54855181971963,5,False,,
baseline,SysBP_p05_11h,508.6751342773438,125.99745243852088,5,False,,
baseline,Temperature_mean_5h,502.5847625732422,178.94641512926373,5,False,,
baseline,MeanBP_min_11h,501.1757751464844,53.621505919373405,5,False,,
baseline,RespRate_p05_11h,495.4458068847656,165.98779558257613,5,False,,
baseline,HeartRate_p05_5h,483.0812744140625,102.9562886865526,5,False,,
baseline,DiaBP_p99_11h,481.4327697753906,68.26951184476505,5,False,,
baseline,HeartRate_mean_5h,480.01771240234376,297.0039246732717,5,False,,
baseline,RespRate_p95_11h,477.9024291992188,74.4076468476401,5,False,,
baseline,BaseExcess_is_missing,475.4331848144531,205.86284035382076,5,False,,
baseline,HeartRate_p95_5h,470.1158020019531,124.99869351476067,5,False,,
baseline,HeartRate_p01_5h,467.9000732421875,105.02144190461436,5,False,,
baseline,BaseExcess,467.5474243164063,66.60001214118046,5,False,,
baseline,SysBP_std_5h,464.0857788085938,126.47870144025173,5,False,,
baseline,Gender,460.8338806152344,63.01531447117897,5,False,,
baseline,HeartRate_max_5h,460.0273864746094,145.90155738912372,5,False,,
baseline,Calcium,457.8561706542969,60.55816425865649,5,False,,
baseline,SysBP_mean_11h,452.7951232910156,112.09328237936997,5,False,,
baseline,O2Sat_std_11h,449.74547119140624,15.431775163429286,5,False,,
baseline,RespRate_p99_5h,447.9069152832032,95.24123312127313,5,False,,
baseline,Age,446.2178283691407,25.25939615239612,5,False,,
baseline,SaO2,441.1760070800781,91.81401709220684,5,False,,
baseline,HCO3,440.0166259765625,54.6501480552231,5,False,,
baseline,HeartRate_p95_11h,430.0803527832031,63.663623918158,5,False,,
baseline,Fibrinogen,425.38087768554686,51.22876499191343,5,False,,
baseline,HeartRate_mean_11h,424.2425170898438,192.2591073973764,5,False,,
baseline,Temperature_std_5h,423.4311096191406,74.47461252777504,5,False,,
baseline,DiaBP_p05_11h,421.4978332519531,88.95943905721116,5,False,,
baseline,DiaBP_p01_11h,419.0885803222656,68.59809355794538,5,False,,
baseline,HeartRate_max_11h,413.8127380371094,59.263715106894885,5,False,,
baseline,Hgb,413.4094177246094,43.85764785939844,5,False,,
baseline,DiaBP_p01_5h,412.6323150634765,169.8783806298954,5,False,,
baseline,DiaBP_p95_11h,408.344921875,91.17864314153044,5,False,,
baseline,RespRate_diff_4,408.06219787597655,120.45589631782738,5,False,,
baseline,Alkalinephos,407.42669067382815,50.762076421065046,5,False,,
baseline,SysBP_max_11h,406.96681518554686,53.923389875249136,5,False,,
baseline,HeartRate_median_11h,404.3379455566407,135.97758028624327,5,False,,
baseline,SysBP_p95_11h,403.4648986816407,32.9544882163865,5,False,,
baseline,O2Sat_p95_11h,403.0707763671875,90.38801174971616,5,False,,
baseline,DiaBP_p05_5h,401.5229431152344,102.79374633948416,5,False,,
baseline,O2Sat_max_11h,399.6017303466797,168.61704820969882,5,False,,
baseline,Temperature,399.25095825195314,94.42133912925436,5,False,,
baseline,SysBP_min_5h,398.63501892089846,317.2707590223655,5,False,,
baseline,MeanBP_median_11h,398.56544189453126,79.22318974686266,5,False,,
baseline,Bilirubin_direct,397.604150390625,59.006995051134105,5,False,,
baseline,DiaBP_max_11h,394.08831787109375,56.09541965683333,5,False,,
baseline,DiaBP_median_5h,393.7860748291016,234.2259195415525,5,False,,
baseline,Chloride,392.5240173339844,17.018238660376607,5,False,,
baseline,Temperature_p01_5h,391.6067626953125,83.5461602809403,5,False,,
baseline,DiaBP_median_11h,389.0431762695313,88.39905006136084,5,False,,
baseline,O2Sat_min_11h,387.9092956542969,30.462789472340287,5,False,,
baseline,SysBP_std_11h,386.04407958984376,37.00486062572081,5,False,,
baseline,MeanBP_diff_4,385.7707580566406,158.5544646424179,5,False,,
baseline,Temperature_is_missing,384.2421447753906,82.2529887464916,5,False,,
baseline,MeanBP_std_11h,381.8216491699219,107.25656847449432,5,False,,
baseline,TroponinI,378.7180541992187,60.02283957472836,5,False,,
baseline,DiaBP_energy,376.1273193359375,7.252136532866794,5,False,,
baseline,RespRate_mean_5h,375.0023712158203,245.2073157632472,5,False,,
baseline,SysBP_median_11h,374.9599548339844,56.74025405305386,5,False,,
baseline,MeanBP_p99_5h,366.3834838867188,101.14554531396789,5,False,,
baseline,DiaBP_mean_11h,363.4951599121094,53.586681310465984,5,False,,
baseline,RespRate_is_missing,361.9101928710937,173.07620874390147,5,False,,
baseline,DiaBP_p99_5h,354.0268798828125,72.65673671498311,5,False,,
baseline,Measurement_Count,353.8124206542969,87.86540998795375,5,False,,
baseline,HeartRate_median_5h,353.3483947753906,74.69226073093567,5,False,,
baseline,Phosphate,351.8260437011719,9.022018661780187,5,False,,
baseline,MeanBP_mean_11h,349.5372253417969,25.16112558907209,5,False,,
baseline,O2Sat_median_11h,346.8825988769531,71.69568581033238,5,False,,
baseline,RespRate_p01_5h,345.37998046875,15.306786936544023,5,False,,
baseline,O2Sat_shannon_5h,343.63121643066404,141.5347671486133,5,False,,
baseline,RespRate_median_11h,340.1683776855469,71.4813365802219,5,False,,
baseline,Temperature_median_11h,339.6889099121093,29.068401745156137,5,False,,
baseline,RespRate_p05_5h,339.25153198242185,57.96690232889564,5,False,,
baseline,MeanBP_is_missing,338.7243225097656,42.15818797667273,5,False,,
baseline,Magnesium,333.738134765625,28.309321749585973,5,False,,
baseline,DiaBP,332.7521606445313,151.48569275842604,5,False,,
baseline,DiaBP_std_11h,329.2270446777344,35.547577473551904,5,False,,
baseline,Potassium,328.1586364746093,27.64582209878904,5,False,,
baseline,DiaBP_min_11h,327.781103515625,68.72231526741095,5,False,,
baseline,O2Sat_min_5h,322.1389633178711,233.45996243920243,5,False,,
baseline,SaO2_is_missing,320.3001342773438,75.46293381378602,5,False,,
baseline,Temperature_median_5h,317.284799194336,84.25345075232529,5,False,,
baseline,SysBP_p99_5h,317.0145202636719,47.63210316789532,5,False,,
baseline,O2Sat_p01_5h,310.7289337158203,90.13077391180153,5,False,,
baseline,SysBP_mean_5h,308.69012451171875,57.96557355961459,5,False,,
baseline,RespRate_median_5h,304.43206176757815,97.0409406098255,5,False,,
baseline,O2Sat_p05_5h,303.9544403076172,116.44539815875848,5,False,,
baseline,MeanBP_p95_5h,299.72055969238284,94.77552720784612,5,False,,
baseline,O2Sat_is_missing,298.5438995361328,110.47650693032196,5,False,,
baseline,RespRate_p95_5h,296.7264068603516,84.65801151567287,5,False,,
baseline,Glucose,295.8177215576172,28.450121469805804,5,False,,
baseline,RespRate_std_5h,295.643115234375,75.50153103033523,5,False,,
baseline,Temperature_p05_5h,291.690576171875,27.77679099688655,5,False,,
baseline,O2Sat_p99_5h,290.28374938964845,51.23809240336622,5,False,,
baseline,DiaBP_mean_5h,286.3107635498047,62.79703161100922,5,False,,
baseline,Temperature_diff_1,286.1061096191406,25.91324102569348,5,False,,
baseline,SysBP_max_5h,280.9894104003906,97.40926427465988,5,False,,
baseline,MeanBP_median_5h,280.9475494384766,137.5528193307999,5,False,,
baseline,O2Sat_mean_5h,276.78005065917966,42.16033516612957,5,False,,
baseline,HeartRate_min_5h,274.4583923339844,97.65498160875067,5,False,,
baseline,SysBP_p95_5h,270.6580505371094,58.38134601622468,5,False,,
baseline,O2Sat_p95_5h,268.56288146972656,66.1973789965055,5,False,,
baseline,Temperature_min_5h,265.9232604980469,57.74433960170619,5,False,,
baseline,O2Sat_std_5h,262.1630401611328,54.00008243048326,5,False,,
baseline,DiaBP_max_5h,260.34364318847656,45.365168450634215,5,False,,
baseline,RespRate_max_5h,257.4522430419922,115.48661277029478,5,False,,
baseline,O2Sat_diff_4,254.0468536376953,100.89842587912057,5,False,,
baseline,O2Sat_median_5h,251.93565063476564,51.13596758683811,5,False,,
baseline,O2Sat,249.8379333496094,87.4944891442592,5,False,,
baseline,Glucose_is_missing,247.6673812866211,229.6514890945538,5,False,,
baseline,MeanBP_mean_5h,244.72935180664064,53.21511559809832,5,False,,
baseline,DiaBP_std_5h,241.36608276367187,26.442712791459208,5,False,,
baseline,DiaBP_p95_5h,240.3344482421875,79.70648118504465,5,False,,
baseline,RespRate_min_5h,237.96890258789065,55.8231648299456,5,False,,
baseline,EtCO2,225.39148559570316,45.92494922883727,5,False,,
baseline,SysBP_median_5h,224.7519744873047,39.690534278429816,5,False,,
baseline,HeartRate_std_5h,222.0501892089844,42.62433116279558,5,False,,
baseline,MeanBP_max_5h,219.0962646484375,34.56108051483264,5,False,,
baseline,SysBP,216.918083190918,118.82966973025104,5,False,,
baseline,DiaBP_min_5h,215.0605178833008,112.37904433187012,5,False,,
baseline,HeartRate_diff_1,206.05652770996093,64.94415804470428,5,False,,
baseline,HeartRate,205.813525390625,13.903562268818115,5,False,,
baseline,MeanBP_std_5h,203.646337890625,41.84006202870932,5,False,,
baseline,HeartRate_diff_4,202.1363525390625,72.57492437977001,5,False,,
baseline,SysBP_diff_4,197.9194351196289,81.9223148357939,5,False,,
baseline,RespRate,193.46336669921877,57.50812714216952,5,False,,
baseline,DiaBP_diff_4,171.78560333251954,63.99341459348146,5,False,,
baseline,Hgb_is_missing,157.49144287109374,73.5041790961759,5,False,,
baseline,O2Sat_max_5h,151.8523162841797,78.41481805523418,5,False,,
baseline,MeanBP_diff_1,130.5323944091797,23.922415061760397,5,False,,
baseline,RespRate_diff_1,129.83680877685546,16.366767231956093,5,False,,
baseline,Bilirubin_direct_is_missing,122.05692749023436,6.611335047967135,5,False,,
baseline,DiaBP_diff_1,116.3274658203125,29.186429308601884,5,False,,
baseline,SysBP_diff_1,113.34738159179688,15.018010342225192,5,False,,
baseline,O2Sat_diff_1,103.14876556396484,49.36822714342632,5,False,,
baseline,HeartRate_is_missing,297.3331604003906,172.37838670794108,4,False,,
baseline,Chloride_is_missing,88.79369659423828,78.9238326189439,4,False,,
baseline,HCO3_is_missing,51.65736999511719,30.08802428879099,4,False,,
baseline,Calcium_is_missing,110.96725158691406,116.34296573915708,3,False,,
baseline,TroponinI_is_missing,47.29204330444336,55.45810187252154,3,False,,
baseline,PTT_is_missing,57.52244262695312,81.99632610987076,2,False,,
baseline,Fibrinogen_is_missing,33.499969482421875,46.60456294946906,2,False,,
baseline,MeanBP_var_11h,61.8940673828125,138.39934207192124,1,False,,
baseline,Potassium_is_missing,42.75058898925781,95.5932230581345,1,False,,
baseline,Magnesium_is_missing,9.736003112792968,21.77036478935463,1,False,,
baseline,WBC_is_missing,9.488467407226562,21.21685812484977,1,False,,
baseline,Platelets_is_missing,6.41563720703125,14.345800913898769,1,False,,
baseline,Bilirubin_is_missing,2.782867431640625,6.222680749518687,1,False,,
baseline,Phosphate_is_missing,0.5887516021728516,1.316488604320409,1,False,,
baseline,BUN_is_missing,0.551177978515625,1.232471427661856,1,False,,
baseline,AST_is_missing,0.0,0.0,0,False,,
baseline,Age_diff_1,0.0,0.0,0,False,,
baseline,Age_diff_4,0.0,0.0,0,False,,
baseline,Age_energy,0.0,0.0,0,False,,
baseline,Age_last_obs,0.0,0.0,0,False,,
baseline,Age_max_11h,0.0,0.0,0,False,,
baseline,Age_max_5h,0.0,0.0,0,False,,
baseline,Age_mean_11h,0.0,0.0,0,False,,
baseline,Age_mean_5h,0.0,0.0,0,False,,
baseline,Age_mean_diff_1,0.0,0.0,0,False,,
baseline,Age_median_11h,0.0,0.0,0,False,,
baseline,Age_median_5h,0.0,0.0,0,False,,
baseline,Age_min_11h,0.0,0.0,0,False,,
baseline,Age_min_5h,0.0,0.0,0,False,,
baseline,Age_p01_11h,0.0,0.0,0,False,,
baseline,Age_p01_5h,0.0,0.0,0,False,,
baseline,Age_p05_11h,0.0,0.0,0,False,,
baseline,Age_p05_5h,0.0,0.0,0,False,,
baseline,Age_p95_11h,0.0,0.0,0,False,,
baseline,Age_p95_5h,0.0,0.0,0,False,,
baseline,Age_p99_11h,0.0,0.0,0,False,,
baseline,Age_p99_5h,0.0,0.0,0,False,,
baseline,Age_std_11h,0.0,0.0,0,False,,
baseline,Age_std_5h,0.0,0.0,0,False,,
baseline,Age_var_11h,0.0,0.0,0,False,,
baseline,Age_var_5h,0.0,0.0,0,False,,
baseline,Creatinine_is_missing,0.0,0.0,0,False,,
baseline,DiaBP_last_obs,0.0,0.0,0,False,,
baseline,DiaBP_var_11h,0.0,0.0,0,False,,
baseline,DiaBP_var_5h,0.0,0.0,0,False,,
baseline,Gender_is_missing,0.0,0.0,0,False,,
baseline,HeartRate_last_obs,0.0,0.0,0,False,,
baseline,HeartRate_var_11h,0.0,0.0,0,False,,
baseline,HeartRate_var_5h,0.0,0.0,0,False,,
baseline,HospAdmTime_is_missing,0.0,0.0,0,False,,
baseline,ICULOS_is_missing,0.0,0.0,0,False,,
baseline,MeanBP_last_obs,0.0,0.0,0,False,,
baseline,MeanBP_var_5h,0.0,0.0,0,False,,
baseline,O2Sat_last_obs,0.0,0.0,0,False,,
baseline,O2Sat_var_11h,0.0,0.0,0,False,,
baseline,O2Sat_var_5h,0.0,0.0,0,False,,
baseline,RespRate_last_obs,0.0,0.0,0,False,,
baseline,RespRate_var_11h,0.0,0.0,0,False,,
baseline,RespRate_var_5h,0.0,0.0,0,False,,
baseline,SourceSet_is_missing,0.0,0.0,0,False,,
baseline,SysBP_last_obs,0.0,0.0,0,False,,
baseline,SysBP_var_11h,0.0,0.0,0,False,,
baseline,SysBP_var_5h,0.0,0.0,0,False,,
baseline,Temperature_last_obs,0.0,0.0,0,False,,
baseline,Temperature_var_11h,0.0,0.0,0,False,,
baseline,Temperature_var_5h,0.0,0.0,0,False,,
baseline,Unit2,0.0,0.0,0,False,,
baseline,Unit2_is_missing,0.0,0.0,0,False,,
enhanced,FiO2_is_missing,7588.91025390625,1392.8362509051683,5,False,,
enhanced,HeartRate_sampen_24h,6268.73779296875,500.20964370043777,5,True,HeartRate,SampEn
enhanced,Lactate_is_missing,5903.556640625,1519.5977798125048,5,False,,
enhanced,O2Sat_sampen_24h,4384.7107421875,892.8004868308931,5,True,O2Sat,SampEn
enhanced,MeanBP_sampen_24h,4310.04228515625,891.1428122239088,5,True,MeanBP,SampEn
enhanced,SysBP_sampen_24h,3791.2728515625,618.7499894810829,5,True,SysBP,SampEn
enhanced,ICULOS,3354.967919921875,279.34456814225666,5,False,,
enhanced,EtCO2_is_missing,2866.95400390625,630.7032284523937,5,False,,
enhanced,RespRate_sampen_24h,2395.370654296875,204.04174300571893,5,True,RespRate,SampEn
enhanced,DiaBP_sampen_24h,2254.8646484375,724.3942252749252,5,True,DiaBP,SampEn
enhanced,Temperature_max_5h,1954.8233154296877,440.2697339472834,5,False,,
enhanced,FiO2,1733.3946533203125,176.47829201751463,5,False,,
enhanced,Temperature_max_11h,1730.803369140625,170.43489922261358,5,False,,
enhanced,Temperature_p95_5h,1541.5685546875,1977.5975806288025,5,False,,
enhanced,pH_is_missing,1460.1039306640623,642.5037034235562,5,False,,
enhanced,Temperature_energy,1410.51923828125,199.28327372706931,5,False,,
enhanced,RespRate_min_11h,1394.1399047851562,410.4974249925038,5,False,,
enhanced,MeanBP_p05_5h,1384.474694824219,1070.253647206886,5,False,,
enhanced,PaCO2,1367.0581298828124,232.72886107097932,5,False,,
enhanced,Temperature_shannon_5h,1311.1160888671875,505.8478061682015,5,False,,
enhanced,Temperature_mean_diff_1,1281.8093505859374,120.82574044855652,5,False,,
enhanced,MeanBP_mean_diff_1,1276.7581298828125,131.11009125330335,5,False,,
enhanced,O2Sat_mean_diff_1,1196.743408203125,79.7121176018212,5,False,,
enhanced,Temperature_p99_11h,1196.2844848632812,308.4052298058589,5,False,,
enhanced,RespRate_p01_11h,1162.4187744140625,496.787425336466,5,False,,
enhanced,Age_shannon_5h,1154.0675415039063,302.2379468125945,5,False,,
enhanced,HeartRate_mean_diff_1,1143.9884521484375,123.16074689426274,5,False,,
enhanced,SysBP_shannon_5h,1119.2966064453126,89.48538974191109,5,False,,
enhanced,O2Sat_energy,1087.6744873046875,56.20382983776148,5,False,,
enhanced,SysBP_mean_diff_1,1080.188525390625,118.2475678604344,5,False,,
enhanced,HeartRate_p99_5h,977.7342742919922,505.22534177415855,5,False,,
enhanced,HeartRate_p01_11h,958.8324645996094,437.9817962265817,5,False,,
enhanced,Unit1,926.0939575195312,118.90379573008698,5,False,,
enhanced,MeanBP_p01_5h,915.0622192382812,342.4126088198552,5,False,,
enhanced,HeartRate_p05_11h,906.25693359375,558.1948287843928,5,False,,
enhanced,RespRate_shannon_5h,890.2835205078125,217.69927270818232,5,False,,
enhanced,Lactate,873.545947265625,102.85834602533284,5,False,,
enhanced,Temperature_std_11h,872.8440307617187,76.23442154673721,5,False,,
enhanced,HospAdmTime,857.2409423828125,118.91027436530308,5,False,,
enhanced,RespRate_mean_diff_1,816.3131469726562,83.73023055890727,5,False,,
enhanced,Unit1_is_missing,802.6026489257813,160.44016829267122,5,False,,
enhanced,SysBP_is_missing,779.7809906005859,532.4549863534935,5,False,,
enhanced,SysBP_p01_5h,764.8890930175781,496.7519568749392,5,False,,
enhanced,RespRate_p99_11h,758.6705078125,114.2014318088697,5,False,,
enhanced,Temperature_mean_11h,758.257763671875,201.5563086618596,5,False,,
enhanced,Temperature_p95_11h,752.3548583984375,356.84237819324045,5,False,,
enhanced,MeanBP_max_11h,745.9172302246094,409.9210816251695,5,False,,
enhanced,RespRate_p05_11h,740.2188293457032,515.1115036844943,5,False,,
enhanced,Creatinine,728.8806030273438,94.2488356921734,5,False,,
enhanced,BUN,721.2977233886719,144.41430055345865,5,False,,
enhanced,MeanBP_min_5h,713.7119018554688,763.804851291452,5,False,,
enhanced,Temperature_mean_5h,707.6597778320313,473.5427660025306,5,False,,
enhanced,BaseExcess_is_missing,705.88740234375,479.6305983343085,5,False,,
enhanced,pH,698.9650146484375,149.60596763267372,5,False,,
enhanced,DiaBP_mean_diff_1,681.5807739257813,113.6030812750968,5,False,,
enhanced,WBC,680.513916015625,33.137798963889466,5,False,,
enhanced,DiaBP_shannon_5h,649.0362976074218,122.37819270551326,5,False,,
enhanced,O2Sat_p05_11h,625.1565368652343,164.30519598859962,5,False,,
enhanced,Temperature,604.0380920410156,148.43621754300037,5,False,,
enhanced,MeanBP_p99_11h,599.8367248535156,190.70958574378335,5,False,,
enhanced,O2Sat_mean_11h,571.7981811523438,116.3833525124084,5,False,,
enhanced,SysBP_min_11h,568.5880920410157,119.5166249842698,5,False,,
enhanced,Temperature_p01_11h,567.1726501464843,203.15519743217604,5,False,,
enhanced,RespRate_std_11h,552.3645751953125,92.89481906694093,5,False,,
enhanced,RespRate_mean_11h,550.6532043457031,176.4616537587334,5,False,,
enhanced,HeartRate_shannon_5h,529.967626953125,170.41097881855237,5,False,,
enhanced,SysBP_p01_11h,525.9301635742188,93.59030475313098,5,False,,
enhanced,O2Sat_p01_11h,525.2470520019531,120.45597828384092,5,False,,
enhanced,HeartRate_max_5h,521.115365600586,250.6430409756118,5,False,,
enhanced,Bilirubin,517.65400390625,64.81351074889527,5,False,,
enhanced,HeartRate_energy,517.0491638183594,111.65023077725036,5,False,,
enhanced,MeanBP_energy,509.4976501464844,181.16247598120697,5,False,,
enhanced,SysBP_p05_11h,507.8260375976562,130.20419674338893,5,False,,
enhanced,MeanBP_p05_11h,507.65478515625,63.691327265359554,5,False,,
enhanced,Temperature_is_missing,506.78349609375,136.50055438231422,5,False,,
enhanced,PTT,494.31096801757815,90.4972737221156,5,False,,
enhanced,Platelets,491.3121887207032,43.44249253382102,5,False,,
enhanced,MeanBP_p01_11h,489.6306213378906,55.08201650696139,5,False,,
enhanced,HeartRate_p95_5h,487.3075378417969,163.5801863430465,5,False,,
enhanced,SysBP_p05_5h,486.45765380859376,236.0157499389306,5,False,,
enhanced,HeartRate_min_11h,484.8173522949219,221.8396146702152,5,False,,
enhanced,Alkalinephos_is_missing,482.6506988525391,230.9752871659317,5,False,,
enhanced,HeartRate_p99_11h,481.041015625,35.611896465473244,5,False,,
enhanced,Temperature_median_5h,476.5341827392578,347.67840070052773,5,False,,
enhanced,DiaBP_is_missing,475.7206176757812,41.02556597311576,5,False,,
enhanced,HeartRate_std_11h,465.5556213378906,31.719207994985947,5,False,,
enhanced,Temperature_p99_5h,461.74314575195314,95.54950732373452,5,False,,
enhanced,HeartRate_p05_5h,454.3492370605469,113.36737083194096,5,False,,
enhanced,Temperature_min_11h,453.2334045410156,103.85774254203814,5,False,,
enhanced,BaseExcess,445.3097229003906,27.42310773743519,5,False,,
enhanced,AST,443.5376770019531,78.20034694073249,5,False,,
enhanced,RespRate_energy,443.2280639648437,59.22884029400627,5,False,,
enhanced,RespRate_mean_5h,442.5228729248047,318.0188527917718,5,False,,
enhanced,O2Sat_p99_11h,438.46214599609374,84.23240405139356,5,False,,
enhanced,O2Sat_std_11h,438.4049987792969,75.10958634871825,5,False,,
enhanced,MeanBP_p95_11h,435.9932556152344,90.80954288720842,5,False,,
enhanced,SysBP_energy,434.6420593261719,80.83409625014913,5,False,,
enhanced,RespRate_p95_11h,430.4460876464844,134.6715397064239,5,False,,
enhanced,Temperature_p01_5h,414.9901062011719,94.8120277865546,5,False,,
enhanced,SysBP_p99_11h,412.8493896484375,78.80691014201604,5,False,,
enhanced,SaO2,412.3002624511719,77.20172600658027,5,False,,
enhanced,Temperature_min_5h,411.1894409179688,146.48698250437687,5,False,,
enhanced,MeanBP_min_11h,404.2388305664063,44.73522426996863,5,False,,
enhanced,HeartRate_p01_5h,402.72265625,73.06166029045522,5,False,,
enhanced,RespRate_p99_5h,400.73719787597656,133.9815431314764,5,False,,
enhanced,HeartRate_mean_5h,397.5803527832031,150.96064621223022,5,False,,
enhanced,MeanBP_shannon_5h,396.2724914550781,120.9784055759785,5,False,,
enhanced,Calcium,393.1849853515625,31.636949764326552,5,False,,
enhanced,HeartRate_p95_11h,387.4267150878906,81.43870665238167,5,False,,
enhanced,Gender,381.6234497070312,30.64563955899438,5,False,,
enhanced,HeartRate_diff_4,376.7680358886719,134.59732592436205,5,False,,
enhanced,DiaBP_p99_11h,376.4693359375,31.45494172642999,5,False,,
enhanced,Age,375.44301147460936,38.65050048721066,5,False,,
enhanced,RespRate_max_11h,374.9601379394532,56.93406107427084,5,False,,
enhanced,RespRate_p01_5h,373.1849487304688,101.05175158396013,5,False,,
enhanced,SysBP_min_5h,368.4947723388672,168.16506226435553,5,False,,
enhanced,RespRate_std_5h,368.31520690917966,120.88865782302126,5,False,,
enhanced,O2Sat_cv_8h,365.3332336425781,86.49455772862954,5,True,O2Sat,CV
enhanced,Temperature_median_11h,362.9525207519531,62.18827875987003,5,False,,
enhanced,DiaBP_p01_11h,362.7702331542969,53.25626287562964,5,False,,
enhanced,Fibrinogen,362.1014282226562,53.70085363136639,5,False,,
enhanced,SysBP_std_11h,361.553369140625,42.026388482162325,5,False,,
enhanced,DiaBP_max_11h,359.6423400878906,44.70148160606048,5,False,,
enhanced,Temperature_p05_11h,357.33856811523435,60.06101906796797,5,False,,
enhanced,O2Sat_min_11h,352.6831970214844,69.89503134505158,5,False,,
enhanced,HeartRate_mean_11h,352.36748046875,92.41212473777588,5,False,,
enhanced,MeanBP_median_11h,352.0322265625,56.19046295696538,5,False,,
enhanced,DiaBP_energy,351.92445068359376,33.770931414033754,5,False,,
enhanced,HCO3,350.24443359375,29.20113711053815,5,False,,
enhanced,DiaBP_p95_11h,349.95269165039065,78.37777160174608,5,False,,
enhanced,HeartRate_max_11h,348.4510559082031,37.83176751741155,5,False,,
enhanced,DiaBP_p05_11h,346.3631591796875,72.01574403949769,5,False,,
enhanced,RespRate_p05_5h,344.61724243164065,47.73704513619965,5,False,,
enhanced,Chloride,341.6241455078125,31.180372032303783,5,False,,
enhanced,SysBP_cv_8h,340.86012573242186,89.61796332605947,5,True,SysBP,CV
enhanced,Hgb,333.8839965820313,49.946966275687394,5,False,,
enhanced,RespRate_median_11h,333.4782440185547,84.82955783552404,5,False,,
enhanced,HeartRate_median_11h,331.3033447265625,73.19858203967704,5,False,,
enhanced,O2Sat_max_11h,330.9777038574219,48.47555524686597,5,False,,
enhanced,SysBP_max_11h,329.7279357910156,98.71367933113298,5,False,,
enhanced,O2Sat_p95_11h,328.4418243408203,88.4445852075045,5,False,,
enhanced,TroponinI,327.7556610107422,96.48335427734555,5,False,,
enhanced,Alkalinephos,327.36217041015624,46.86756095558496,5,False,,
enhanced,DiaBP_p05_5h,325.9183532714844,100.5697155749762,5,False,,
enhanced,HeartRate,324.6677978515625,141.73450353973166,5,False,,
enhanced,DiaBP_median_11h,321.7697998046875,80.81285606934355,5,False,,
enhanced,DiaBP_p99_5h,321.44041748046874,91.7638606034187,5,False,,
enhanced,Bilirubin_direct,316.064501953125,30.039387982867456,5,False,,
enhanced,SysBP_p99_5h,316.0541534423828,62.34757298383157,5,False,,
enhanced,SysBP_median_11h,314.7295349121094,22.98091272907492,5,False,,
enhanced,SysBP_p95_11h,313.2869476318359,41.06892424557483,5,False,,
enhanced,DiaBP_mean_11h,311.07159423828125,83.92792252543087,5,False,,
enhanced,Measurement_Count,310.36313781738284,67.21901877602781,5,False,,
enhanced,DiaBP_p01_5h,307.64430236816406,78.31993143014674,5,False,,
enhanced,O2Sat_median_11h,307.3823303222656,44.85020228232592,5,False,,
enhanced,SysBP_mean_11h,306.0697723388672,47.22762634888985,5,False,,
enhanced,MeanBP_mean_11h,301.7243957519531,30.020137620076188,5,False,,
enhanced,Phosphate,300.0158386230469,18.52256244566345,5,False,,
enhanced,HeartRate_min_5h,298.2439239501953,91.00144470736856,5,False,,
enhanced,O2Sat_p05_5h,296.66689453125,94.8750063375374,5,False,,
enhanced,Temperature_p05_5h,293.2543060302734,51.33939567037517,5,False,,
enhanced,HeartRate_median_5h,291.8735717773437,28.98822963761185,5,False,,
enhanced,MeanBP_std_11h,290.2318634033203,73.80626866322227,5,False,,
enhanced,SaO2_is_missing,289.42810974121096,93.2142721424913,5,False,,
enhanced,RespRate_iqr_8h,288.1419921875,96.31174523396685,5,True,RespRate,IQR
enhanced,DiaBP_std_11h,287.59276428222654,34.41065532636915,5,False,,
enhanced,MeanBP,287.2068237304687,65.13295652208262,5,False,,
enhanced,SysBP_p95_5h,286.02561950683594,78.0384343242413,5,False,,
enhanced,DiaBP_min_11h,285.26923217773435,69.5593703617131,5,False,,
enhanced,Potassium,283.9635925292969,38.161740787474095,5,False,,
enhanced,DiaBP_max_5h,282.287240600586,81.9462865689453,5,False,,
enhanced,MeanBP_p99_5h,281.9349029541016,45.19645772391694,5,False,,
enhanced,Magnesium,277.5412658691406,16.58982145183267,5,False,,
enhanced,MeanBP_p95_5h,274.1056427001953,46.38590964837104,5,False,,
enhanced,MeanBP_cv_8h,271.0542846679688,85.50467769365625,5,True,MeanBP,CV
enhanced,RespRate_min_5h,268.7657135009766,45.69384873682695,5,False,,
enhanced,HeartRate_cv_8h,268.3404235839844,24.1388209710998,5,True,HeartRate,CV
enhanced,O2Sat_iqr_8h,266.8080169677734,73.52902045741418,5,True,O2Sat,IQR
enhanced,Glucose,255.2651794433594,23.15397677858803,5,False,,
enhanced,O2Sat_min_5h,254.9615997314453,77.54115873159166,5,False,,
enhanced,Temperature_std_5h,254.4986846923828,41.582429011819606,5,False,,
enhanced,RespRate_cv_8h,253.80411071777343,22.382178173811205,5,True,RespRate,CV
enhanced,Glucose_is_missing,250.20196723937988,199.60024362097164,5,False,,
enhanced,O2Sat_median_5h,248.10994567871091,45.56961448057268,5,False,,
enhanced,RespRate_is_missing,247.7089416503906,83.3567146244858,5,False,,
enhanced,RespRate_median_5h,246.6183868408203,73.00351213978112,5,False,,
enhanced,MeanBP_diff_4,244.77068481445312,65.93609347011427,5,False,,
enhanced,DiaBP_p95_5h,244.25100708007807,33.42801842888006,5,False,,
enhanced,O2Sat_is_missing,243.7128936767578,53.14655294049814,5,False,,
enhanced,SysBP_mean_5h,241.610400390625,76.10497702709759,5,False,,
enhanced,DiaBP_median_5h,241.4299194335937,40.6194134404977,5,False,,
enhanced,SysBP_median_5h,240.8287567138672,38.90745756857212,5,False,,
enhanced,Temperature_diff_4,237.291015625,78.17019109177728,5,False,,
enhanced,O2Sat_p01_5h,236.95187377929688,37.974774605596615,5,False,,
enhanced,DiaBP,235.30119934082032,77.12104378674778,5,False,,
enhanced,DiaBP_iqr_8h,232.1137939453125,35.51131308911932,5,True,DiaBP,IQR
enhanced,RespRate_max_5h,230.7674774169922,90.20540385418516,5,False,,
enhanced,DiaBP_cv_8h,229.50531005859372,27.859213077174942,5,True,DiaBP,CV
enhanced,MeanBP_median_5h,224.45332946777344,74.63802954424203,5,False,,
enhanced,HeartRate_std_5h,219.67901611328125,32.59068883520096,5,False,,
enhanced,Temperature_diff_1,216.8459228515625,24.155595145878497,5,False,,
enhanced,O2Sat_p95_5h,215.81920471191407,40.86822169214157,5,False,,
enhanced,O2Sat,213.3388153076172,101.92230718066432,5,False,,
enhanced,RespRate_p95_5h,211.74322509765625,38.9381695401382,5,False,,
enhanced,O2Sat_mean_5h,206.5807403564453,43.840968973738335,5,False,,
enhanced,O2Sat_diff_4,205.7994644165039,85.43283044831475,5,False,,
enhanced,HeartRate_iqr_8h,205.115283203125,28.390055527218003,5,True,HeartRate,IQR
enhanced,SysBP_max_5h,204.8471893310547,20.830467505358943,5,False,,
enhanced,DiaBP_mean_5h,203.3865753173828,32.43874740791594,5,False,,
enhanced,RespRate_diff_4,200.93358917236327,87.89353783731035,5,False,,
enhanced,MeanBP_max_5h,196.91586151123047,71.73482671826683,5,False,,
enhanced,SysBP_iqr_8h,195.887646484375,42.04795463640804,5,True,SysBP,IQR
enhanced,DiaBP_min_5h,194.19068603515623,30.549528119214763,5,False,,
enhanced,EtCO2,194.0526092529297,11.969757405762673,5,False,,
enhanced,MeanBP_iqr_8h,187.11556091308597,22.550412514808027,5,True,MeanBP,IQR
enhanced,O2Sat_std_5h,186.2527099609375,49.24749882798779,5,False,,
enhanced,O2Sat_shannon_5h,185.1259613037109,106.1283921670435,5,False,,
enhanced,DiaBP_std_5h,182.7752716064453,24.68071014652026,5,False,,
enhanced,SysBP_std_5h,178.55843505859374,47.92144959343696,5,False,,
enhanced,O2Sat_max_5h,172.8485107421875,61.44340796691099,5,False,,
enhanced,MeanBP_std_5h,170.28815155029298,40.18662025345789,5,False,,
enhanced,MeanBP_mean_5h,168.30343933105468,30.99736932292221,5,False,,
enhanced,DiaBP_diff_4,137.95222930908204,48.093286102191456,5,False,,
enhanced,DiaBP_diff_1,131.53471984863282,44.61524669637742,5,False,,
enhanced,SysBP_diff_1,128.62210693359376,24.63283257582309,5,False,,
enhanced,RespRate,125.99801788330078,33.67901921697142,5,False,,
enhanced,SysBP,118.78937454223632,36.2139827850905,5,False,,
enhanced,HeartRate_diff_1,113.4083480834961,43.40443427384338,5,False,,
enhanced,SysBP_diff_4,112.34777374267578,23.007633400376044,5,False,,
enhanced,MeanBP_diff_1,109.8927993774414,20.194069695522597,5,False,,
enhanced,Bilirubin_direct_is_missing,95.26702423095703,16.82244212142769,5,False,,
enhanced,RespRate_diff_1,95.17416839599608,14.74012254927919,5,False,,
enhanced,O2Sat_diff_1,75.80929336547851,19.477003116293037,5,False,,
enhanced,PaCO2_is_missing,682.7664260864258,757.1877403208439,4,False,,
enhanced,HeartRate_is_missing,288.6374816894531,181.1617557757428,4,False,,
enhanced,O2Sat_p99_5h,170.35741271972657,115.80334315727478,4,False,,
enhanced,PTT_is_missing,49.85429992675781,51.4311896881363,4,False,,
enhanced,HCO3_is_missing,43.81599998474121,35.61244313190203,4,False,,
enhanced,MeanBP_is_missing,203.11611328125,201.0171751485081,3,False,,
enhanced,TroponinI_is_missing,91.726025390625,90.93285854568174,3,False,,
enhanced,Fibrinogen_is_missing,67.935205078125,85.57397267423792,3,False,,
enhanced,Calcium_is_missing,57.88354187011719,58.21480578058944,3,False,,
enhanced,Phosphate_is_missing,18.97592124938965,27.778256498675116,3,False,,
enhanced,Magnesium_is_missing,18.664436912536623,25.395868167987487,3,False,,
enhanced,AST_is_missing,115.1164306640625,232.62311914858387,2,False,,
enhanced,Bilirubin_is_missing,39.087493896484375,85.37799463270497,2,False,,
enhanced,Hgb_is_missing,38.55936584472656,54.212716780966105,2,False,,
enhanced,Chloride_is_missing,32.3161117553711,45.26261426638792,2,False,,
enhanced,WBC_is_missing,22.57806205749512,43.22869779221684,2,False,,
enhanced,Potassium_is_missing,31.27061767578125,69.92322682145335,1,False,,
enhanced,BUN_is_missing,15.84215850830078,35.42414333488721,1,False,,
enhanced,Creatinine_is_missing,11.12166976928711,24.86880962743038,1,False,,
enhanced,Platelets_is_missing,4.742095947265625,10.603648893912196,1,False,,
enhanced,Age_diff_1,0.0,0.0,0,False,,
enhanced,Age_diff_4,0.0,0.0,0,False,,
enhanced,Age_energy,0.0,0.0,0,False,,
enhanced,Age_last_obs,0.0,0.0,0,False,,
enhanced,Age_max_11h,0.0,0.0,0,False,,
enhanced,Age_max_5h,0.0,0.0,0,False,,
enhanced,Age_mean_11h,0.0,0.0,0,False,,
enhanced,Age_mean_5h,0.0,0.0,0,False,,
enhanced,Age_mean_diff_1,0.0,0.0,0,False,,
enhanced,Age_median_11h,0.0,0.0,0,False,,
enhanced,Age_median_5h,0.0,0.0,0,False,,
enhanced,Age_min_11h,0.0,0.0,0,False,,
enhanced,Age_min_5h,0.0,0.0,0,False,,
enhanced,Age_p01_11h,0.0,0.0,0,False,,
enhanced,Age_p01_5h,0.0,0.0,0,False,,
enhanced,Age_p05_11h,0.0,0.0,0,False,,
enhanced,Age_p05_5h,0.0,0.0,0,False,,
enhanced,Age_p95_11h,0.0,0.0,0,False,,
enhanced,Age_p95_5h,0.0,0.0,0,False,,
enhanced,Age_p99_11h,0.0,0.0,0,False,,
enhanced,Age_p99_5h,0.0,0.0,0,False,,
enhanced,Age_std_11h,0.0,0.0,0,False,,
enhanced,Age_std_5h,0.0,0.0,0,False,,
enhanced,Age_var_11h,0.0,0.0,0,False,,
enhanced,Age_var_5h,0.0,0.0,0,False,,
enhanced,DiaBP_last_obs,0.0,0.0,0,False,,
enhanced,DiaBP_var_11h,0.0,0.0,0,False,,
enhanced,DiaBP_var_5h,0.0,0.0,0,False,,
enhanced,Gender_is_missing,0.0,0.0,0,False,,
enhanced,HeartRate_last_obs,0.0,0.0,0,False,,
enhanced,HeartRate_var_11h,0.0,0.0,0,False,,
enhanced,HeartRate_var_5h,0.0,0.0,0,False,,
enhanced,HospAdmTime_is_missing,0.0,0.0,0,False,,
enhanced,ICULOS_is_missing,0.0,0.0,0,False,,
enhanced,MeanBP_last_obs,0.0,0.0,0,False,,
enhanced,MeanBP_var_11h,0.0,0.0,0,False,,
enhanced,MeanBP_var_5h,0.0,0.0,0,False,,
enhanced,O2Sat_last_obs,0.0,0.0,0,False,,
enhanced,O2Sat_var_11h,0.0,0.0,0,False,,
enhanced,O2Sat_var_5h,0.0,0.0,0,False,,
enhanced,RespRate_last_obs,0.0,0.0,0,False,,
enhanced,RespRate_var_11h,0.0,0.0,0,False,,
enhanced,RespRate_var_5h,0.0,0.0,0,False,,
enhanced,SourceSet_is_missing,0.0,0.0,0,False,,
enhanced,SysBP_last_obs,0.0,0.0,0,False,,
enhanced,SysBP_var_11h,0.0,0.0,0,False,,
enhanced,SysBP_var_5h,0.0,0.0,0,False,,
enhanced,Temperature_last_obs,0.0,0.0,0,False,,
enhanced,Temperature_var_11h,0.0,0.0,0,False,,
enhanced,Temperature_var_5h,0.0,0.0,0,False,,
enhanced,Unit2,0.0,0.0,0,False,,
enhanced,Unit2_is_missing,0.0,0.0,0,False,,
