subgroup_type,subgroup,model_variant,threshold_type,threshold,n_patients,n_positive_patients,prevalence_patient_level,TP,TN,FP,FN,sensitivity,specificity,precision,F1,notes
age_group,<65,baseline,threshold_0.5,0.5,21412,1518,0.07089482533158976,1437,11921,7973,81,0.9466403162055336,0.5992258972554539,0.15270988310308184,0.26299414348462663,Age collapsed to patient level; verify one Age value per Patient_ID.
age_group,>=65,baseline,threshold_0.5,0.5,18924,1414,0.07471993236102303,1352,10170,7340,62,0.9561527581329562,0.5808109651627641,0.15554532903819604,0.2675638234712053,Age collapsed to patient level; verify one Age value per Patient_ID.
gender,0,baseline,threshold_0.5,0.5,17770,1193,0.06713562183455261,1125,9978,6599,68,0.9430008382229673,0.6019183205646378,0.14564992232004143,0.252327015812493,Gender collapsed to patient level; verify coding before paper use.
gender,1,baseline,threshold_0.5,0.5,22566,1739,0.07706283789772224,1664,12113,8714,75,0.9568717653824037,0.5816008066452202,0.1603391790325689,0.27465544276636134,Gender collapsed to patient level; verify coding before paper use.
SourceSet,A,baseline,threshold_0.5,0.5,20336,1790,0.08802124311565697,1732,9263,9283,58,0.9675977653631285,0.49946080017254396,0.1572401270994099,0.27051932838734866,"SourceSet available in OOF; internal source traceability, not external validation."
SourceSet,B,baseline,threshold_0.5,0.5,20000,1142,0.0571,1057,12828,6030,85,0.925569176882662,0.6802418071905822,0.14914632425567942,0.2568963422043991,"SourceSet available in OOF; internal source traceability, not external validation."
age_group,<65,baseline,raw_utility_optimal,0.44999998807907104,21412,1518,0.07089482533158976,1457,10795,9099,61,0.9598155467720685,0.5426259173620187,0.13802576733611216,0.24134503892661918,Age collapsed to patient level; verify one Age value per Patient_ID.
age_group,>=65,baseline,raw_utility_optimal,0.44999998807907104,18924,1414,0.07471993236102303,1365,9174,8336,49,0.9653465346534653,0.523929183323815,0.14070714359344397,0.24561403508771926,Age collapsed to patient level; verify one Age value per Patient_ID.
gender,0,baseline,raw_utility_optimal,0.44999998807907104,17770,1193,0.06713562183455261,1139,9036,7541,54,0.9547359597652976,0.5450925981781987,0.13122119815668204,0.2307302744859719,Gender collapsed to patient level; verify coding before paper use.
gender,1,baseline,raw_utility_optimal,0.44999998807907104,22566,1739,0.07706283789772224,1683,10933,9894,56,0.9677975848188615,0.5249435828491862,0.14537444933920704,0.25277861219585457,Gender collapsed to patient level; verify coding before paper use.
SourceSet,A,baseline,raw_utility_optimal,0.44999998807907104,20336,1790,0.08802124311565697,1746,8124,10422,44,0.9754189944134078,0.43804593982529927,0.14349112426035504,0.25017910875483595,"SourceSet available in OOF; internal source traceability, not external validation."
SourceSet,B,baseline,raw_utility_optimal,0.44999998807907104,20000,1142,0.0571,1076,11845,7013,66,0.9422066549912435,0.6281153886944533,0.13302015082210408,0.23312750514570468,"SourceSet available in OOF; internal source traceability, not external validation."
age_group,<65,enhanced,threshold_0.5,0.5,21412,1518,0.07089482533158976,1420,12693,7201,98,0.9354413702239789,0.6380315673067256,0.16471407029346943,0.28010651938060954,Age collapsed to patient level; verify one Age value per Patient_ID.
age_group,>=65,enhanced,threshold_0.5,0.5,18924,1414,0.07471993236102303,1324,10861,6649,90,0.9363507779349364,0.6202741290691034,0.16606045403235922,0.2820922552466177,Age collapsed to patient level; verify one Age value per Patient_ID.
gender,0,enhanced,threshold_0.5,0.5,17770,1193,0.06713562183455261,1108,10584,5993,85,0.9287510477787091,0.638474995475659,0.15603436135755527,0.2671810947673017,Gender collapsed to patient level; verify coding before paper use.
gender,1,enhanced,threshold_0.5,0.5,22566,1739,0.07706283789772224,1636,12970,7857,103,0.9407705577918344,0.6227493157920008,0.17233751185083745,0.2913105413105413,Gender collapsed to patient level; verify coding before paper use.
SourceSet,A,enhanced,threshold_0.5,0.5,20336,1790,0.08802124311565697,1708,10191,8355,82,0.9541899441340782,0.5494985441604658,0.1697306966113485,0.28819708090778706,"SourceSet available in OOF; internal source traceability, not external validation."
SourceSet,B,enhanced,threshold_0.5,0.5,20000,1142,0.0571,1036,13363,5495,106,0.9071803852889667,0.708611729769859,0.15862808145766344,0.2700377948651114,"SourceSet available in OOF; internal source traceability, not external validation."
age_group,<65,enhanced,raw_utility_optimal,0.4099999964237213,21412,1518,0.07089482533158976,1451,10711,9183,67,0.955862977602108,0.5384035387554036,0.13644912544668045,0.238808426596445,Age collapsed to patient level; verify one Age value per Patient_ID.
age_group,>=65,enhanced,raw_utility_optimal,0.4099999964237213,18924,1414,0.07471993236102303,1365,9087,8423,49,0.9653465346534653,0.5189605939463164,0.13945647731916633,0.24370648098553827,Age collapsed to patient level; verify one Age value per Patient_ID.
gender,0,enhanced,raw_utility_optimal,0.4099999964237213,17770,1193,0.06713562183455261,1143,8979,7598,50,0.9580888516345348,0.5416540990529046,0.13076307058688938,0.2301187839742299,Gender collapsed to patient level; verify coding before paper use.
gender,1,enhanced,raw_utility_optimal,0.4099999964237213,22566,1739,0.07706283789772224,1673,10819,10008,66,0.9620471535365153,0.519469918855332,0.1432240390377536,0.24932935916542473,Gender collapsed to patient level; verify coding before paper use.
SourceSet,A,enhanced,raw_utility_optimal,0.4099999964237213,20336,1790,0.08802124311565697,1740,8107,10439,50,0.9720670391061452,0.43712930011862394,0.14286887264964282,0.24912305820030065,"SourceSet available in OOF; internal source traceability, not external validation."
SourceSet,B,enhanced,raw_utility_optimal,0.4099999964237213,20000,1142,0.0571,1076,11691,7167,66,0.9422066549912435,0.6199490932230353,0.13053499939342472,0.22930207778369738,"SourceSet available in OOF; internal source traceability, not external validation."
