feature,hemo_signal,hemo_feature_type,mean_importance,std_importance,selected_folds
HeartRate_sampen_24h,HeartRate,SampEn,6268.73779296875,500.20964370043777,5
O2Sat_sampen_24h,O2Sat,SampEn,4384.7107421875,892.8004868308931,5
MeanBP_sampen_24h,MeanBP,SampEn,4310.04228515625,891.1428122239088,5
SysBP_sampen_24h,SysBP,SampEn,3791.2728515625,618.7499894810829,5
RespRate_sampen_24h,RespRate,SampEn,2395.370654296875,204.04174300571893,5
DiaBP_sampen_24h,DiaBP,SampEn,2254.8646484375,724.3942252749252,5
O2Sat_cv_8h,O2Sat,CV,365.3332336425781,86.49455772862954,5
SysBP_cv_8h,SysBP,CV,340.86012573242186,89.61796332605947,5
RespRate_iqr_8h,RespRate,IQR,288.1419921875,96.31174523396685,5
MeanBP_cv_8h,MeanBP,CV,271.0542846679688,85.50467769365625,5
HeartRate_cv_8h,HeartRate,CV,268.3404235839844,24.1388209710998,5
O2Sat_iqr_8h,O2Sat,IQR,266.8080169677734,73.52902045741418,5
RespRate_cv_8h,RespRate,CV,253.80411071777343,22.382178173811205,5
DiaBP_iqr_8h,DiaBP,IQR,232.1137939453125,35.51131308911932,5
DiaBP_cv_8h,DiaBP,CV,229.5053100585937,27.859213077174942,5
HeartRate_iqr_8h,HeartRate,IQR,205.115283203125,28.390055527218003,5
SysBP_iqr_8h,SysBP,IQR,195.887646484375,42.04795463640804,5
MeanBP_iqr_8h,MeanBP,IQR,187.115560913086,22.550412514808027,5
