metric,baseline,enhanced,delta,relative_delta_percent,interpretation
AUROC_raw,0.9314974500214284,0.934294714682833,0.0027972646614045,0.3002976187793277,enhanced improved
AUPRC_raw,0.3060453644628811,0.3264125134862838,0.0203671490234026,6.654944458690843,enhanced improved
Brier_raw,0.070106565952301,0.0625985562801361,-0.0075080096721649,-10.70942438868451,enhanced improved
ECE_raw,0.1500793999913387,0.130121550968872,-0.0199578490224666,-13.298193505316842,enhanced improved
Brier_isotonic,0.0145523129031062,0.0143223479390144,-0.0002299649640917,-1.5802640145450104,enhanced improved
ECE_isotonic,0.0001086141318466,6.913336093057276e-05,-3.9480770916037856e-05,-36.3495709488285,enhanced improved
Utility_raw_at_0.5,0.5014922711148125,0.4954666577993951,-0.0060256133154174,-1.2015366262819005,enhanced worse
Utility_raw_best,0.5056648262039968,0.5010110201040191,-0.0046538060999776,-0.9203341539322776,enhanced worse
Utility_raw_best_threshold,0.449999988079071,0.4099999964237213,-0.0399999916553497,-8.888887269997259,descriptive difference; not interpreted as model improvement
n_features,287.0,305.0,18.0,6.2717770034843205,descriptive difference; not interpreted as model improvement
