group,level,model,status,reason,n_time_steps,n_patients,row_positives,row_negatives,patient_positives,patient_negatives,time_step_prevalence,patient_prevalence,auroc_raw,auprc_raw,delta_auroc_raw,delta_auprc_raw,brier_raw,ece_raw,utility_raw_at_0.5,utility_source,sensitivity_at_0.5,specificity_at_0.5,patient_sensitivity_at_0.5,patient_specificity_at_0.5
AgeBin,<40,baseline,OK,,162354,4379,2867,159487,301,4078,0.0176589428,0.0687371546,0.927470658,0.294035251,,,0.0663668585,0.140880357,0.478419854,computed_from_repo_reporting_utility,0.730031392,0.913572893,0.946843854,0.607160373
AgeBin,<40,enhanced,OK,,162354,4379,2867,159487,301,4078,0.0176589428,0.0687371546,0.933213607,0.314154341,,,0.0572490596,0.11842011,0.475283239,computed_from_repo_reporting_utility,0.715033136,0.926219692,0.926910299,0.653016184
AgeBin,<40,enhanced_minus_baseline,OK,,,,,,,,,,,,0.00574294899,0.0201190902,,,,,,,,
AgeBin,40-59,baseline,OK,,468529,12489,8500,460029,890,11599,0.0181418866,0.0712627112,0.935780476,0.335020699,,,0.0676434052,0.146399085,0.513248866,computed_from_repo_reporting_utility,0.772470588,0.912364221,0.946067416,0.598930942
AgeBin,40-59,enhanced,OK,,468529,12489,8500,460029,890,11599,0.0181418866,0.0712627112,0.937693893,0.358357469,,,0.0604939608,0.126955921,0.49977443,computed_from_repo_reporting_utility,0.757294118,0.921615811,0.935955056,0.634451246
AgeBin,40-59,enhanced_minus_baseline,OK,,,,,,,,,,,,0.0019134171,0.0233367703,,,,,,,,
AgeBin,60-79,baseline,OK,,711517,18101,12900,698617,1356,16745,0.0181302766,0.0749129882,0.930142904,0.292973384,,,0.0733965761,0.155332058,0.501033335,computed_from_repo_reporting_utility,0.77372093,0.903724072,0.95280236,0.58333831
AgeBin,60-79,enhanced,OK,,711517,18101,12900,698617,1356,16745,0.0181302766,0.0749129882,0.932761684,0.313261119,,,0.0659831389,0.135826704,0.497895427,computed_from_repo_reporting_utility,0.760155039,0.913473334,0.938053097,0.623051657
AgeBin,60-79,enhanced_minus_baseline,OK,,,,,,,,,,,,0.00261877933,0.0202877343,,,,,,,,
AgeBin,>=80,baseline,OK,,209810,5367,3649,206161,385,4982,0.017391926,0.0717346749,0.9297827,0.296098622,,,0.0673437417,0.147603278,0.493709471,computed_from_repo_reporting_utility,0.763770896,0.914188426,0.961038961,0.582095544
AgeBin,>=80,enhanced,OK,,209810,5367,3649,206161,385,4982,0.017391926,0.0717346749,0.93311056,0.309846105,,,0.059959926,0.12689793,0.492309604,computed_from_repo_reporting_utility,0.751712798,0.923132891,0.935064935,0.622039342
AgeBin,>=80,enhanced_minus_baseline,OK,,,,,,,,,,,,0.00332786003,0.0137474834,,,,,,,,
AgeBin,unknown,baseline,NOT_AVAILABLE,No rows or missing prob_raw.,,,,,,,,,,,,,,,,,,,,
AgeBin,unknown,enhanced,NOT_AVAILABLE,No rows or missing prob_raw.,,,,,,,,,,,,,,,,,,,,
Gender,0,baseline,OK,,684107,17770,11353,672754,1193,16577,0.0165953572,0.0671356218,0.931961324,0.295872568,,,0.065573374,0.143363397,0.485892723,computed_from_repo_reporting_utility,0.757685193,0.915608083,0.943000838,0.601918321
Gender,0,enhanced,OK,,684107,17770,11353,672754,1193,16577,0.0165953572,0.0671356218,0.935009267,0.313898573,,,0.058282601,0.123837637,0.481166836,computed_from_repo_reporting_utility,0.741742271,0.925030546,0.928751048,0.638474995
Gender,0,enhanced_minus_baseline,OK,,,,,,,,,,,,0.00304794321,0.0180260051,,,,,,,,
Gender,1,baseline,OK,,868103,22566,16563,851540,1739,20827,0.0190795332,0.0770628379,0.930922945,0.313448723,,,0.0736789527,0.155371939,0.512148425,computed_from_repo_reporting_utility,0.774316247,0.903380933,0.956871765,0.581600807
Gender,1,enhanced,OK,,868103,22566,16563,851540,1739,20827,0.0190795332,0.0770628379,0.933569039,0.335243868,,,0.0659997379,0.135073579,0.50523496,computed_from_repo_reporting_utility,0.761637385,0.913467365,0.940770558,0.622749316
Gender,1,enhanced_minus_baseline,OK,,,,,,,,,,,,0.00264609427,0.0217951449,,,,,,,,
SourceSet,A,baseline,OK,,790215,20336,17136,773079,1790,18546,0.0216852376,0.0880212431,0.924818274,0.305115383,,,0.0855676988,0.17420681,0.533509028,computed_from_repo_reporting_utility,0.787289916,0.885871948,0.967597765,0.4994608
SourceSet,A,enhanced,OK,,790215,20336,17136,773079,1790,18546,0.0216852376,0.0880212431,0.92968046,0.324993658,,,0.0763521754,0.152461185,0.532384733,computed_from_repo_reporting_utility,0.781045752,0.898690819,0.954189944,0.549498544
SourceSet,A,enhanced_minus_baseline,OK,,,,,,,,,,,,0.00486218632,0.0198782751,,,,,,,,
SourceSet,B,baseline,OK,,761995,20000,10780,751215,1142,18858,0.0141470745,0.0571,0.937281834,0.309172749,,,0.0540728547,0.125058453,0.451427343,computed_from_repo_reporting_utility,0.736178108,0.932349594,0.925569177,0.680241807
SourceSet,B,enhanced,OK,,761995,20000,10780,751215,1142,18858,0.0141470745,0.0571,0.937772714,0.329871555,,,0.0483355817,0.106954583,0.437737487,computed_from_repo_reporting_utility,0.709833024,0.939029439,0.907180385,0.70861173
SourceSet,B,enhanced_minus_baseline,OK,,,,,,,,,,,,0.00049087942,0.0206988057,,,,,,,,
