model,method,probability_column,threshold,sensitivity,specificity,precision,recall,f1,utility,utility_source,patient_sensitivity,patient_specificity,n_alerted_patients,status,reason
baseline,raw,prob_raw,0.05,0.993695372,0.428564306,0.0308641975,0.993695372,0.0598688669,-0.104284135,computed_from_repo_reporting_utility,1,0.0101860764,39955,,
baseline,raw,prob_raw,0.1,0.979115919,0.592661914,0.0421651991,0.979115919,0.0808486849,0.115090484,computed_from_repo_reporting_utility,0.999658936,0.0583360068,38153,,
baseline,raw,prob_raw,0.15,0.958446769,0.685035826,0.0527883769,0.958446769,0.100065449,0.273067174,computed_from_repo_reporting_utility,0.997953615,0.12806117,35540,,
baseline,raw,prob_raw,0.2,0.937455223,0.74600438,0.063314414,0.937455223,0.118617564,0.367196033,computed_from_repo_reporting_utility,0.995566166,0.202117421,32763,,
baseline,raw,prob_raw,0.25,0.912809858,0.790169744,0.073791356,0.912809858,0.136544485,0.424971547,computed_from_repo_reporting_utility,0.991814461,0.27464977,30039,,
baseline,raw,prob_raw,0.3,0.887018197,0.823836478,0.0844292451,0.887018197,0.154182869,0.463783897,computed_from_repo_reporting_utility,0.987721692,0.344241258,27424,,
baseline,raw,prob_raw,0.35,0.859113053,0.851161915,0.0956046497,0.859113053,0.172061757,0.487385752,computed_from_repo_reporting_utility,0.983628922,0.411453321,24898,,
baseline,raw,prob_raw,0.4,0.831601949,0.873629365,0.107556025,0.831601949,0.190476581,0.501632082,computed_from_repo_reporting_utility,0.976466576,0.474949203,22502,,
baseline,raw,prob_raw,0.45,0.801332569,0.892308177,0.119930947,0.801332569,0.208636448,0.505664826,computed_from_repo_reporting_utility,0.962482947,0.533873383,20257,,
baseline,raw,prob_raw,0.5,0.767552658,0.908777441,0.133520691,0.767552658,0.227471297,0.501492271,computed_from_repo_reporting_utility,0.951227831,0.590605283,18102,,
baseline,raw,prob_raw,0.55,0.732841381,0.923060118,0.148529444,0.732841381,0.246998243,0.494312955,computed_from_repo_reporting_utility,0.938267394,0.64543899,16013,,
baseline,raw,prob_raw,0.6,0.693294168,0.935864735,0.165256372,0.693294168,0.266894664,0.479452819,computed_from_repo_reporting_utility,0.920190996,0.697385306,14017,,
baseline,raw,prob_raw,0.65,0.650200602,0.947381542,0.184542025,0.650200602,0.28748822,0.459553301,computed_from_repo_reporting_utility,0.900750341,0.747005668,12104,,
baseline,raw,prob_raw,0.7,0.60126809,0.957632189,0.206290097,0.60126809,0.307186911,0.433003934,computed_from_repo_reporting_utility,0.874829468,0.793872313,10275,,
baseline,raw,prob_raw,0.75,0.542735349,0.967156598,0.232327414,0.542735349,0.325373134,0.39764181,computed_from_repo_reporting_utility,0.83526603,0.839027911,8470,,
baseline,raw,prob_raw,0.8,0.475963605,0.976032183,0.266694767,0.475963605,0.341844939,0.351604649,computed_from_repo_reporting_utility,0.793997271,0.882312052,6730,,
baseline,raw,prob_raw,0.85,0.395113913,0.984199242,0.314110779,0.395113913,0.349986515,0.293711845,computed_from_repo_reporting_utility,0.731582538,0.921345311,5087,,
baseline,raw,prob_raw,0.9,0.290371113,0.99173519,0.391518547,0.290371113,0.333443028,0.217694439,computed_from_repo_reporting_utility,0.632332879,0.956769329,3471,,
baseline,raw,prob_raw,0.95,0.145830348,0.997739281,0.541572436,0.145830348,0.229785793,0.115361641,computed_from_repo_reporting_utility,0.422578445,0.985589776,1778,,
baseline,platt,prob_platt,0.05,0.712315518,0.930065329,0.157211075,0.712315518,0.257574384,0.486987934,computed_from_repo_reporting_utility,0.929399727,0.673323709,14944,,
baseline,platt,prob_platt,0.1,0.60330993,0.957053561,0.204629123,0.60330993,0.305604195,0.433969308,computed_from_repo_reporting_utility,0.875511596,0.790958186,10386,,
baseline,platt,prob_platt,0.15,0.515582462,0.971086943,0.246181476,0.515582462,0.333244579,0.378007554,computed_from_repo_reporting_utility,0.818553888,0.858651481,7687,,
baseline,platt,prob_platt,0.2,0.432511821,0.980597575,0.289898917,0.432511821,0.347128585,0.322009979,computed_from_repo_reporting_utility,0.763642565,0.904876484,5797,,
baseline,platt,prob_platt,0.25,0.350014329,0.987897348,0.346256069,0.350014329,0.348125056,0.260554194,computed_from_repo_reporting_utility,0.690313779,0.938723131,4316,,
baseline,platt,prob_platt,0.3,0.252006018,0.993685601,0.422268908,0.252006018,0.315640704,0.188468113,computed_from_repo_reporting_utility,0.586289222,0.966420704,2975,,
baseline,platt,prob_platt,0.35,0.139848116,0.997828503,0.541169947,0.139848116,0.222260176,0.110722799,computed_from_repo_reporting_utility,0.410982265,0.986097744,1725,,
baseline,platt,prob_platt,0.4,0.0258991259,0.999900938,0.827231121,0.0258991259,0.0502257728,0.0264128813,computed_from_repo_reporting_utility,0.115620737,0.998288953,403,,
baseline,platt,prob_platt,0.45,0,1,NA,0,NA,0,computed_from_repo_reporting_utility,0,1,0,,
baseline,platt,prob_platt,0.5,0,1,NA,0,NA,0,computed_from_repo_reporting_utility,0,1,0,,
baseline,platt,prob_platt,0.55,0,1,NA,0,NA,0,computed_from_repo_reporting_utility,0,1,0,,
baseline,platt,prob_platt,0.6,0,1,NA,0,NA,0,computed_from_repo_reporting_utility,0,1,0,,
baseline,platt,prob_platt,0.65,0,1,NA,0,NA,0,computed_from_repo_reporting_utility,0,1,0,,
baseline,platt,prob_platt,0.7,0,1,NA,0,NA,0,computed_from_repo_reporting_utility,0,1,0,,
baseline,platt,prob_platt,0.75,0,1,NA,0,NA,0,computed_from_repo_reporting_utility,0,1,0,,
baseline,platt,prob_platt,0.8,0,1,NA,0,NA,0,computed_from_repo_reporting_utility,0,1,0,,
baseline,platt,prob_platt,0.85,0,1,NA,0,NA,0,computed_from_repo_reporting_utility,0,1,0,,
baseline,platt,prob_platt,0.9,0,1,NA,0,NA,0,computed_from_repo_reporting_utility,0,1,0,,
baseline,platt,prob_platt,0.95,0,1,NA,0,NA,0,computed_from_repo_reporting_utility,0,1,0,,
baseline,isotonic,prob_isotonic,0.05,0.726286001,0.925096471,0.150799554,0.726286001,0.249744405,0.492070845,computed_from_repo_reporting_utility,0.935879945,0.654421987,15670,,
baseline,isotonic,prob_isotonic,0.1,0.589912595,0.959511092,0.210628637,0.589912595,0.310421202,0.426863298,computed_from_repo_reporting_utility,0.868008186,0.802694899,9925,,
baseline,isotonic,prob_isotonic,0.15,0.445443473,0.979371434,0.283392967,0.445443473,0.346402953,0.330753058,computed_from_repo_reporting_utility,0.77148704,0.898165972,6071,,
baseline,isotonic,prob_isotonic,0.2,0.350587477,0.987746458,0.343825751,0.350587477,0.347173693,0.261963939,computed_from_repo_reporting_utility,0.692360164,0.938108224,4345,,
baseline,isotonic,prob_isotonic,0.25,0.285105316,0.99205665,0.396621319,0.285105316,0.331742492,0.21373757,computed_from_repo_reporting_utility,0.626534789,0.958346701,3395,,
baseline,isotonic,prob_isotonic,0.3,0.232017481,0.994501061,0.435897436,0.232017481,0.302840444,0.174585896,computed_from_repo_reporting_utility,0.565143247,0.97032403,2767,,
baseline,isotonic,prob_isotonic,0.35,0.181974495,0.996609578,0.495706479,0.181974495,0.266219474,0.139319296,computed_from_repo_reporting_utility,0.484993179,0.979975404,2171,,
baseline,isotonic,prob_isotonic,0.4,0.144182548,0.997762899,0.54135844,0.144182548,0.227716331,0.113928922,computed_from_repo_reporting_utility,0.418144611,0.985723452,1760,,
baseline,isotonic,prob_isotonic,0.45,0.10413383,0.998764674,0.606889353,0.10413383,0.177765548,0.085242341,computed_from_repo_reporting_utility,0.340381992,0.990883328,1339,,
baseline,isotonic,prob_isotonic,0.5,0.081852701,0.99921275,0.655667145,0.081852701,0.145536766,0.0693630226,computed_from_repo_reporting_utility,0.281718963,0.993476634,1070,,
baseline,isotonic,prob_isotonic,0.55,0.06444333,0.999504689,0.704385278,0.06444333,0.118083361,0.0557620891,computed_from_repo_reporting_utility,0.23260573,0.995214416,861,,
baseline,isotonic,prob_isotonic,0.6,0.0536609829,0.999652298,0.738658777,0.0536609829,0.100053433,0.0482850143,computed_from_repo_reporting_utility,0.201909959,0.996150144,736,,
baseline,isotonic,prob_isotonic,0.65,0.04459808,0.999750704,0.766153846,0.04459808,0.0842896314,0.0410500764,computed_from_repo_reporting_utility,0.175306958,0.997005668,626,,
baseline,isotonic,prob_isotonic,0.7,0.0360008597,0.999836646,0.801435407,0.0360008597,0.0689064107,0.0340648329,computed_from_repo_reporting_utility,0.146316508,0.99754037,521,,
baseline,isotonic,prob_isotonic,0.75,0.0277260352,0.999891097,0.823404255,0.0277260352,0.0536456889,0.0280033978,computed_from_repo_reporting_utility,0.123124147,0.998182013,429,,
baseline,isotonic,prob_isotonic,0.8,0.0209915461,0.999934396,0.854227405,0.0209915461,0.0409761555,0.0221242456,computed_from_repo_reporting_utility,0.0948158254,0.998663245,328,,
baseline,isotonic,prob_isotonic,0.85,0.0119644648,0.999958013,0.83919598,0.0119644648,0.023592569,0.0133155686,computed_from_repo_reporting_utility,0.0593451569,0.999171212,205,,
baseline,isotonic,prob_isotonic,0.9,0.00193437455,0.999994752,0.870967742,0.00193437455,0.00386017585,0.00237209591,computed_from_repo_reporting_utility,0.0136425648,0.99989306,44,,
baseline,isotonic,prob_isotonic,0.95,0.00114629603,0.999994752,0.8,0.00114629603,0.00228931178,0.00147368007,computed_from_repo_reporting_utility,0.00818553888,0.99989306,28,,
enhanced,raw,prob_raw,0.05,0.989898266,0.513824761,0.0359486307,0.989898266,0.0693777742,-0.0143346697,computed_from_repo_reporting_utility,1,0.0224307561,39497,,
enhanced,raw,prob_raw,0.1,0.971091847,0.649858229,0.0483374582,0.971091847,0.0920909597,0.217248556,computed_from_repo_reporting_utility,0.999317872,0.0910330446,36929,,
enhanced,raw,prob_raw,0.15,0.948954005,0.726563248,0.0597601113,0.948954005,0.112439384,0.338114657,computed_from_repo_reporting_utility,0.996930423,0.17233451,33881,,
enhanced,raw,prob_raw,0.2,0.923341453,0.777893241,0.0707486578,0.923341453,0.131427056,0.408284349,computed_from_repo_reporting_utility,0.993519782,0.25005347,30964,,
enhanced,raw,prob_raw,0.25,0.897155753,0.815609062,0.0818167266,0.897155753,0.149957938,0.451227689,computed_from_repo_reporting_utility,0.989427012,0.323922575,28189,,
enhanced,raw,prob_raw,0.3,0.87050437,0.844769447,0.093136541,0.87050437,0.168269664,0.477155692,computed_from_repo_reporting_utility,0.98260573,0.392230777,25614,,
enhanced,raw,prob_raw,0.35,0.842599226,0.868108777,0.104745662,0.842599226,0.186328368,0.494049507,computed_from_repo_reporting_utility,0.975784447,0.457197091,23164,,
enhanced,raw,prob_raw,0.4,0.813332856,0.887625353,0.117037892,0.813332856,0.204629742,0.49938574,computed_from_repo_reporting_utility,0.962824011,0.518447225,20835,,
enhanced,raw,prob_raw,0.45,0.784066485,0.904274372,0.130439446,0.784066485,0.223668748,0.500325419,computed_from_repo_reporting_utility,0.949863574,0.575740563,18654,,
enhanced,raw,prob_raw,0.5,0.753546353,0.918570827,0.144917951,0.753546353,0.243086772,0.495466658,computed_from_repo_reporting_utility,0.935879945,0.629718747,16594,,
enhanced,raw,prob_raw,0.55,0.720267947,0.931220618,0.160924232,0.720267947,0.263072163,0.484423882,computed_from_repo_reporting_utility,0.920873124,0.677681531,14756,,
enhanced,raw,prob_raw,0.6,0.680828199,0.942356921,0.177840574,0.680828199,0.282015328,0.466376062,computed_from_repo_reporting_utility,0.903819918,0.724735322,12946,,
enhanced,raw,prob_raw,0.65,0.637662989,0.952505225,0.197356897,0.637662989,0.301423213,0.443774646,computed_from_repo_reporting_utility,0.883356071,0.768607636,11245,,
enhanced,raw,prob_raw,0.7,0.590414099,0.961805925,0.220639617,0.590414099,0.321233324,0.414961707,computed_from_repo_reporting_utility,0.857094134,0.813175061,9501,,
enhanced,raw,prob_raw,0.75,0.536681473,0.970390227,0.249218178,0.536681473,0.340376227,0.379298951,computed_from_repo_reporting_utility,0.82366985,0.852502406,7932,,
enhanced,raw,prob_raw,0.8,0.472882935,0.978356538,0.285785417,0.472882935,0.356263831,0.33615111,computed_from_repo_reporting_utility,0.787175989,0.890332585,6410,,
enhanced,raw,prob_raw,0.85,0.394003439,0.985731099,0.335857583,0.394003439,0.362614358,0.279420927,computed_from_repo_reporting_utility,0.722373806,0.926398246,4871,,
enhanced,raw,prob_raw,0.9,0.298216077,0.992391232,0.417858756,0.298216077,0.348042392,0.213066479,computed_from_repo_reporting_utility,0.634038199,0.958266496,3420,,
enhanced,raw,prob_raw,0.95,0.159227683,0.997791109,0.568996416,0.159227683,0.248824451,0.120537206,computed_from_repo_reporting_utility,0.431105048,0.985429366,1809,,
enhanced,platt,prob_platt,0.05,0.713067775,0.933386866,0.163910938,0.713067775,0.266550616,0.480729555,computed_from_repo_reporting_utility,0.918144611,0.686022885,14436,,
enhanced,platt,prob_platt,0.1,0.607465253,0.958388605,0.210957132,0.607465253,0.313161345,0.425087476,computed_from_repo_reporting_utility,0.866302865,0.796251738,10161,,
enhanced,platt,prob_platt,0.15,0.52883651,0.971506153,0.253677229,0.52883651,0.342879041,0.373789504,computed_from_repo_reporting_utility,0.818212824,0.858116779,7706,,
enhanced,platt,prob_platt,0.2,0.453897407,0.980431597,0.298148192,0.453897407,0.359894909,0.321023898,computed_from_repo_reporting_utility,0.772851296,0.901213774,5961,,
enhanced,platt,prob_platt,0.25,0.374946267,0.987180951,0.348818609,0.374946267,0.361410839,0.267095067,computed_from_repo_reporting_utility,0.707366985,0.933001818,4580,,
enhanced,platt,prob_platt,0.3,0.294454793,0.992589356,0.421192867,0.294454793,0.34660145,0.210130908,computed_from_repo_reporting_utility,0.628581173,0.959255695,3367,,
enhanced,platt,prob_platt,0.35,0.194082247,0.996741442,0.521714011,0.194082247,0.282916895,0.142843734,computed_from_repo_reporting_utility,0.493519782,0.980082344,2192,,
enhanced,platt,prob_platt,0.4,0.0790227826,0.999447613,0.723753281,0.0790227826,0.142488051,0.0668242119,computed_from_repo_reporting_utility,0.251023192,0.994465833,943,,
enhanced,platt,prob_platt,0.45,0,1,NA,0,NA,0,computed_from_repo_reporting_utility,0,1,0,,
enhanced,platt,prob_platt,0.5,0,1,NA,0,NA,0,computed_from_repo_reporting_utility,0,1,0,,
enhanced,platt,prob_platt,0.55,0,1,NA,0,NA,0,computed_from_repo_reporting_utility,0,1,0,,
enhanced,platt,prob_platt,0.6,0,1,NA,0,NA,0,computed_from_repo_reporting_utility,0,1,0,,
enhanced,platt,prob_platt,0.65,0,1,NA,0,NA,0,computed_from_repo_reporting_utility,0,1,0,,
enhanced,platt,prob_platt,0.7,0,1,NA,0,NA,0,computed_from_repo_reporting_utility,0,1,0,,
enhanced,platt,prob_platt,0.75,0,1,NA,0,NA,0,computed_from_repo_reporting_utility,0,1,0,,
enhanced,platt,prob_platt,0.8,0,1,NA,0,NA,0,computed_from_repo_reporting_utility,0,1,0,,
enhanced,platt,prob_platt,0.85,0,1,NA,0,NA,0,computed_from_repo_reporting_utility,0,1,0,,
enhanced,platt,prob_platt,0.9,0,1,NA,0,NA,0,computed_from_repo_reporting_utility,0,1,0,,
enhanced,platt,prob_platt,0.95,0,1,NA,0,NA,0,computed_from_repo_reporting_utility,0,1,0,,
enhanced,isotonic,prob_isotonic,0.05,0.722596361,0.930226059,0.159427162,0.722596361,0.261220896,0.484881705,computed_from_repo_reporting_utility,0.921896317,0.673831676,14903,,
enhanced,isotonic,prob_isotonic,0.1,0.580706405,0.963228878,0.224339547,0.580706405,0.323647145,0.409555644,computed_from_repo_reporting_utility,0.8526603,0.820259865,9223,,
enhanced,isotonic,prob_isotonic,0.15,0.452930219,0.980608072,0.299599555,0.452930219,0.360644048,0.320390744,computed_from_repo_reporting_utility,0.770122783,0.902069297,5921,,
enhanced,isotonic,prob_isotonic,0.2,0.355495057,0.988712807,0.365807807,0.355495057,0.360577709,0.253009255,computed_from_repo_reporting_utility,0.695770805,0.940942145,4249,,
enhanced,isotonic,prob_isotonic,0.25,0.312759708,0.991652529,0.406944768,0.312759708,0.353689413,0.22287877,computed_from_repo_reporting_utility,0.651773533,0.954871137,3599,,
enhanced,isotonic,prob_isotonic,0.3,0.262394326,0.994102188,0.448973337,0.262394326,0.331215663,0.190557716,computed_from_repo_reporting_utility,0.589017735,0.967035611,2960,,
enhanced,isotonic,prob_isotonic,0.35,0.211634905,0.996194304,0.504569135,0.211634905,0.298195584,0.154391944,computed_from_repo_reporting_utility,0.52319236,0.977489039,2376,,
enhanced,isotonic,prob_isotonic,0.4,0.161806849,0.997669741,0.559796753,0.161806849,0.251049048,0.122068019,computed_from_repo_reporting_utility,0.436562074,0.985162015,1835,,
enhanced,isotonic,prob_isotonic,0.45,0.125483594,0.998606568,0.62253421,0.125483594,0.208866231,0.0991499511,computed_from_repo_reporting_utility,0.361186903,0.989867394,1438,,
enhanced,isotonic,prob_isotonic,0.5,0.114701247,0.998863736,0.648966356,0.114701247,0.194946728,0.0912551069,computed_from_repo_reporting_utility,0.332878581,0.991230884,1304,,
enhanced,isotonic,prob_isotonic,0.55,0.0829631752,0.999346583,0.699275362,0.0829631752,0.148328423,0.0693409552,computed_from_repo_reporting_utility,0.264665757,0.993957865,1002,,
enhanced,isotonic,prob_isotonic,0.6,0.0678105746,0.999571605,0.743519246,0.0678105746,0.124285996,0.0579772947,computed_from_repo_reporting_utility,0.224420191,0.99518768,838,,
enhanced,isotonic,prob_isotonic,0.65,0.0622940249,0.999654266,0.767431598,0.0622940249,0.115234246,0.0542421581,computed_from_repo_reporting_utility,0.21111869,0.995775853,777,,
enhanced,isotonic,prob_isotonic,0.7,0.047177246,0.99977301,0.791942273,0.047177246,0.0890496636,0.0435639479,computed_from_repo_reporting_utility,0.169849932,0.997032403,609,,
enhanced,isotonic,prob_isotonic,0.75,0.0353202465,0.999869448,0.832067511,0.0353202465,0.0677639944,0.0343332693,computed_from_repo_reporting_utility,0.131991814,0.998075072,459,,
enhanced,isotonic,prob_isotonic,0.8,0.02761857,0.999910778,0.850055127,0.02761857,0.0534989418,0.0275398309,computed_from_repo_reporting_utility,0.107776262,0.998502834,372,,
enhanced,isotonic,prob_isotonic,0.85,0.0143645221,0.999958013,0.862365591,0.0143645221,0.0282583418,0.0154174142,computed_from_repo_reporting_utility,0.0651432469,0.999251417,219,,
enhanced,isotonic,prob_isotonic,0.9,0.00483593638,0.999991471,0.912162162,0.00483593638,0.00962086659,0.00616602858,computed_from_repo_reporting_utility,0.0259208731,0.999732649,86,,
enhanced,isotonic,prob_isotonic,0.95,0.00171944405,0.999998032,0.941176471,0.00171944405,0.00343261701,0.00229667372,computed_from_repo_reporting_utility,0.0109140518,0.999919795,35,,
